{"map_bytes":{"blocks":[]},"goodies":[],"lights":{"sun_dir":[0.6337242505244779,-0.6337242505244779,0.4436069753671345],"sun_intens":[0.28,0.16000001,0.080000006],"sun_angle":0.25,"sun_rays":7,"ambient":[0.3,0.36,0.54],"ambient_rays":31,"fake_ambient":[0.0,0.0,0.0],"invert_dm":false}}